"0",""
"0","library(knitr) "
"0","library(tidyverse) "
"0","library(ofce) "
"0","library(lubridate) "
"0","library(knitr) "
"0","library(scales) "
"0","library(dplyr) "
"0","library(tibble) "
"0","library(readxl) "
"0","library(skimr) "
"0","library(tidyr) "
"0","library(rsdmx) "
"0","library(ggthemes) "
"0","library(haven)"
"0","library(glue)"
"0","library(readr)"
"0","library(reshape2)"
"0","library(MetricsWeighted)"
"0","library(questionr)"
"0","library(patchwork)"
"0","library(ggplot2)"
"0","library(ggrepel)"
"0","library(blorr)"
"0","library(plotly)"
"0","library(ggiraph)"
"0","library(sf) "
"0","library(RColorBrewer)"
"0","library(viridis)"
"0","library(ggsci)"
"0","library(quarto)"
"0","library(patchwork)"
"0","library(readxl)"
"0","library(tinytex)"
"0",""
"0","opts_chunk$set(echo = FALSE, warning = FALSE, message = FALSE, fig.pos=""H"", out.extra="""", dev=""ragg_png"", fig.showtext=TRUE, cache=FALSE)"
"0",""
"0",""
"0",""
